blue,3061
green,930
dynamic,4000
fragile,3898
diverse,3969
ancient,4000
rotating,3546
layered,2666
beautiful,598
resilient.,211
vibrant,3236
habitable,827
precious,469
teeming,452
beautiful.,239
precious.,638
"""precious.",870
"""",559
bountiful,8
"""resilient.",963
"""",514
watery,7
rocky,391
"""beautiful.",894
"""",237
"""habitable.",62
"""",106
resilient,30
"""beautiful.",40
"""",40
vibrant.,84
finite,236
"""evolving.",225
"""",11
evolving.,18
gravitational,10
wondrous.,17
habitable.,3
"""resilient.",73
"""",97
magnetic,5
mysterious,43
complex,812
resource-rich,685
"""wondrous.",62
"""",91
"""wondrous.",45
"""",114
swirling,53
here'sadescriptionofearthintenadjectives,41
"""comma-separated:",50
"blue""",12
here'sadescriptionofearthusingtenadjectives,59
"""separatedbycommas:",20
"blue""",1
spinning,2
finite.,9
"""teeming.",5
"""",22
"""finite.",6
"""",93
geological,21
mysterious.,51
mountainous,13
"""breathtaking.",26
"""",19
"""vibrant.",20
"""",1
evolving,21
vulnerable,9
unique.,3
layered.,3
"""layered.",2
"""",14
breathtaking,2
here'sadescriptionofearthusingonly10adjectives,1
"""separatedbycommas:",11
"fragile""",7
breathtaking.,3
"""mysterious.",6
"""",15
spherical,2
teeming.,3
wondrous,6
"""luminous.",5
"""",5
rotating.,13
"""precious.",2
"""",2
inhabited.,1
"""interconnected.",2
"""",5
hopeful.,1
"""teeming.",1
"""",5
"""inhabited.",9
"""",4
abundant,2
swirling.,1
luminous.,1
revolving,1
"""hopeful.",3
"""",5
connected.,1
"""connected.",3
"""",2
stunning,3
spinning.,1
"""habitable.",1
"""",1
captivating,3
here'sadescriptionofearthusing10adjectives,1
resourceful,2
"""scarred.",1
"""",1
"""complex.",3
"""",1
scarred,1
"""finite.",1
"""",3
stunning.,1
"""rotating.",2
"""",1
"""wounded.",1
"""",1
"""bountiful.",1
"""",1
"""comma-separated:",1
