bluevibrantdynamicenormousmysteriousdiversefragilebeautifulteeming.,1
blue,3561
vast,3385
diverse,3833
dynamic,3896
beautiful,1201
resilient,2292
mysterious,1374
precious,61
fragile,2479
alive,295
astonishing,14
azure,6
unique,842
complex.,73
ancient,1384
waterrich,17
sturdy.,1
changing,373
owespectacular,1
rich,23
busy,4
watery,208
immense,90
vibrant,1325
interconnected,317
rocky,151
delicate,83
spinning,44
complex,840
respiratory.,1
everchanging,31
majestic,166
intricate,188
alive.,223
round,86
evolving,155
复杂(complex),1
mysterious.,101
extraordinary,23
beautiful.,85
terrifying.,1
interdependent,32
spectacular,21
fragile.,90
resourced,6
interconnectedcircular,1
living,157
andwaterrich.,1
one,8
water-rich,54
intriguing,47
volatiletrue,1
extraordinary.,24
violent,8
resourceful,69
breathtaking,137
unique.,136
wondrous,90
resilient.,171
life-sustaining,66
massive,64
old.,8
magnetic,105
curious,4
ever-changing,215
andresilient.,12
bluemarble,6
life-giving,33
tosculptured,1
energetic,13
qalied,1
fascinating.,12
lush,137
vibrant.,22
»mysterious,1
volatile,141
lively,77
solid,16
ancientandextraordinary,1
bluemarvelousdynamicfragilevastinterconnectedchaoticresilientevolvingmagnificent.,1
fluid,17
neverstatic,1
atmospheric,14
teeming,71
fragmented,16
stunning,29
magnificent,119
fertile,21
changeable,37
animated,4
boulder-filled,1
teemingblue,1
forbidding,2
glacial,2
varied,62
magical,69
insulating,1
flexible,2
interlocking.,2
fascinating,52
magical.,22
cherishing,1
geologicallyactive,11
enthralling,2
rare,4
ayouthful.,1
charming,19
alluring,6
connected,4
tempered,2
old,265
temporary,1
watered,3
magnificent.,28
layered,96
andicyandactive,1
andalive.,12
temperate,26
spherical,103
living.,27
mesmerizing,26
interconnected.,49
greentemperate,1
molten,9
icy,8
lush.,3
rugged,25
expansive,35
cold,8
richindiversity,1
dense,13
dampinhumidity,1
hometowatercycling,1
decoratedwithlife,1
nurturing.,5
console,1
life-rich,2
evolvingandtempestuous,1
asyourequested,1
"""tenadjectivesdescribingearth:",1
"blue""",1
vibrantdense,1
intelligentchaotic,1
fragilevulnerable,33
dynamic.,1
andenigmatic.,158
active,1
poked,9
tilted,1
andplanet.,77
unpredictable,13
finite,24
serene,3
impactful,7
andfragile.,4
round.,1
relentless.,5
spectacular.,39
inhabited,2
pulsating,103
enigmatic,6
sustainable,12
radiant,1
againstalmostinfiniteblacknessofspace,1
agreenparadise,21
home,49
ancient.,56
chaotic,1
oft-sexplored,4
blueandgreen,1
mysteriousstillincrediblyhugeandlastnotleastmagic.,1
"""•resilient",1
"youdon'tchoosethewords""",5
idid.,1
tectonically-active,1
biospheresaturated,18
third.,25
breathtaking.,18
nurturing,1
tempestuous,3
interconnnected.,5
sublime,2
alone,26
illuminated,8
warm,9
teeming.,1
lifesustaining,13
on-going-roving,1
historical,1
mismonstrous,37
renewing,13
volcanic,10
textured,1
majestic.,2
veryvibrant,14
impenetrable,48
generous,4
turbulent,1
curvaceous,59
fluidearthwithcolorsandlandforms..,6
churning,10
precious.,1
upontheedgeofcrescent-shapedgalaxies,1
combustible,1
nascent.,50
vivid,3
iridescent,26
enigmatic.,7
frail,45
awe-inspiring,8
humbling,48
enchanting,1
surprisinglydelicate,5
reflective,1
dynamicbeautifulfragile,1
intersecting,35
hospitable,1
ever-changingearth.,2
intrepid.,13
geological,1
inter-connected.resilient,4
astonishing.,1
warmvast,35
green,1
blueandawordsforaplanet.,92
rotating,2
one-of-a-kind.,62
changing.,1
young(only4.5billionyearsold),6
fragrant,1
grinding.,3
isolated,1
electric,1
experiencing,7
spherical.,30
captivating,13
tumultuous,1
vibrantaged,2
blueplanet,1
theearth.,1
rockyliquuid,79
luminous,1
chamaging,1
inviting,10
harsh,17
wet,8
natural,40
amazing,3
aquatic,26
habitable,19
remarkable,21
evolving.,1
magneticandthincrust,1
ithasasolidironcoreнего,34
vital,1
resouce-fulandunique.,10
verdant,3
dynamicliving,1
gravity-filled,1
crucial.,2
saline,1
changingandmagnetic.,3
celestial,15
enchanting.,20
intricate.,12
inter-connected,17
incredible,1
colonised,1
odd,1
divided,1
magnificentandstrikingandmesmerizing,1
livinggiving,9
oceanic,1
mediator,1
mediating.,5
stunning.,5
frigid,3
arid,22
tectonic,8
charming.,19
large,23
enormous,1
"""old.",1
"(thetotalwordcount""",1
includingcommas,15
is69.),1
bountiful,1
awakening,1
duelingantique-natured,1
lush.old,1
"""blue.",1
oldandbluerepeatsoi'llremoveblue,1
"vast""",1
rotund,1
wobbly,1
blue/oceanic,1
terrestrialandgeologicallyactive,14
duetocertainconstructionsrequiringtheuseofconjunctionsandarticlesmaynotalwayscounttowardexpositingearth.however,32
"""herearetenadjectivesdescribingearth:",1
"dynamicvibrantspinningblue-greenwateryvasteveractivelife-nurturingfragilebeautiful""",1
aliving.,3
resource-rich,2
abundant,1
weird,6
bluegreenvibrantdynamicdiversecomplexfragileharmoniouschaotic,1
altering,15
enigma,1
numerous.,1
blue-green,1
bubbling,9
humid,10
fertile.,22
beautifulisearth.trulyextraordinary.uniquelife.,1
breatheableandcontinuously.,4
hot,14
shifting,1
mountainous,2
gooeychunkylumpy,1
temperamental,1
home.,1
стthroughputandamazing.,1
terrifying,1
buldingup,1
waterydynamic,5
immensecolorful,1
sacredbeautiful,24
wetlands,6
woven,13
interlocking,1
teeminglife,1
wondrous.,3
orbiting,2
life-sustaining.,1
mysterious.diverse,12
androcky,3
bewildering,1
wonderful.,2
filthytoxichabitable,18
spirited,47
solitary,1
wateryhabitable,5
irregular,6
essential,1
colorful,7
epiration-bearing,7
elliptical,1
gaseous,27
asymmetric,2
endless,1
intertwined,1
enthralling.,6
mystical,1
ageless,42
known,1
epic.,1
breath-taking,1
watermarked,1
resplendent,4
solft,7
uniqueandsomewhatfragile,1
powerfulold,1
gravitybiaredbutspinning.,1
full,1
remarkable.,2
andamazing.,1
proportionate,1
earthis:-fujita,5
vibrantdiverse,1
frgile,1
melanated.,2
desert,1
frozen,1
extreme.,57
dynamicintellectuallyrich,5
sphere-shaped,1
vastlydiverse,1
blueoasis,1
ever-changing.,7
age-old,2
unequallycomplex,1
beige,6
arbibtrariralyinhabited,25
rotating.,12
revolutionary,7
complexandbeautiful.,1
restless,1
awe-inspiring.,1
historic,1
andbeautiful,7
cooled,1
protective,1
undiscovered.,1
withthinatmosphere,1
rocky.,1
ruggedcontinentalcomplex,7
andintriguing.,1
gallant,6
allured,2
paradisiacal,2
eternal,1
vegetable,21
grand,1
interlinked.,1
flourishing,5
magicallyalive,11
infinite,1
split,1
enlivening,1
bountiful.,1
vulnerable,4
"""resilientandmysterious",5
"sorry""",1
tenisyourlimit.soicannotaddelegantandbeautiful,1
moody,7
holmes.,1
beguiling,1
fractal,1
icyandhot.,3
warmfloating,1
andbeautiful.,1
constantly.,1
spatial,1
oversized,1
frantic,1
incomprehensible,1
environmentallyfragile.,2
"""vivacious",5
blue,1
diverse,1
mysterious,1
resilient,3
ancient,9
dynamic,1
"fragile""",25
"""vibrant",1
"omnivorous""",1
dynamicchanging,1
rootsresounding-,1
overflowing,1
intricately,1
wonderful,1
systemic,1
assortest,1
cradlingoceans,4
sustaining.,3
water-covered,1
&beautiful.,1
blue.,5
轮廓changed,10
somewhatmysterious,1
granular,1
speckled.,1
resilyant,2
poignant,1
sentinel,2
andvaried.,3
evolved,1
perilous,12
constantly,1
жизни,1
fascinatingancient.,7
breathing,2
essential.,1
ususallywet,78
evolvinglyalive,5
vacant,1
denselypopulated,7
"""endless",1
"pleaseconfirmifyouwouldlikeadifferentcollectionofadjectives.""",1
welcoming,2
blueprint,1
observant,4
hostile,2
habitat,1
symmetric,8
terrestrial,1
sustained,1
sunlight-filled,6
powerful,1
our,4
lifegivingearth,1
watery.,1
"""",12
"harmonious""",1
foodtohumans,1
andeverchanging.,1
bulging,3
dusty,8
crystalline,1
magicalandalive,1
enchanted,1
andincredible.,1
andelegant,1
mystifying,6
áppealling,1
andmesmerizing.,1
unique.thegloryoftheearthasseenfromorbitisasighttobehold.,1
rvibrant,1
andever-changing.,1
egg-shaped(torepresenttheellipsoid),1
cultivated,1
stormy(toalsorepresentoceanic),7
varying,1
changeable.,1
"""}}",2
thelistcontainsonlythreeadjectivesbecausetherearesemanticrulesandtherearenoconventionsindescribingtheearthinastrictlylimitedcontentwithoutmentioninggeneralproperties.,1
buticompletedwithonlythreeadjectivesbecauseiamacautiousaimodel.,4
"inevitably""",1
"""sucharestrictionwillomitcriticalhighlights.",1
"then""",1
porous,5
__recognized__astheearth,3
butwhatothersinglewordcouldichooseher?rocky,1
revolving,1
"""characterless/",1
"thereisnoconsonantclusteranywhere""",1
soitstwo,2
exceptthereismorethanonecentrist.,1
blue(thanksto70%beingwater),1
surroundedbyspace,1
large(eighthlargestplanetinthesolarsystem),11
beautifulwhentakenfromspace,5
life-supporting,2
"""unique.",1
##forexample,7
-**blue**describesthecolourgivenasthelargemassofwater,1
-**beautiful**describeshowuniqueandintricatinganditlooks,1
"sincewordcountiscritical""",1
ihavedoneit.,7
oldest,1
гостерии,11
.,10
rustic,1
exclusive,3
warming,1
delicate.,1
awesome,1
resilientunsurpassed,1
beloved,1
tempoed,1
azure-white-striped.,2
andinterconnected.,1
resilientandlife-sustaining.,1
dark,3
aliving,17
diversified,1
variable,1
storied,1
organizing,1
crowded,1
diverse.beautiful,1
uniqueinterconnected.,2
oldandremarkable.,3
exquisite,16
butfragile.,2
captivating.,2
sacred,1
yetfragile,1
unexplored,6
thunderingquiet,4
sweet.,1
andvast.,4
resouceful,1
-lifehosting,1
dynamiceighth,11
rising,1
refractory,9
misplaced.,8
dynamicvibrant,1
wild,1
andlife-sustaining,5
чаткуterrati,1
mobile,4
favored.,1
inhospitable.,1
challenged,2
resourceful.,1
inhabitable,3
amazing.,1
andchanging.,1
vvast,1
diversecomplex,2
waterfilled,1
youthful,1
irreplaceable,1
orbeous,1
tropical,1
smooth,5
andcold,2
bustling,1
blue.vibrant,3
andcomplex.,1
hospitable.,1
boundary,5
grewing,2
gigantic,1
ressourceful,1
elusive,9
shared.,2
massiveunique,1
unstable,1
paradoxical,1
andever-changing,1
intrusion-exploitedresilient,5
ferocious,1
bymasstheearthisvast,2
mostlyblue,1
exposed,1
continuouslytransforminganddynamicwithrandomsurfacetemperatureschangesthatreducelifetoextremereprovingpoint.,1
spinny,1
terraform,1
resident.,12
sustaining,3
three-dimensional,1
tangible,1
andold.,1
mesmerising.,3
stable,10
bright,1
andunpredictable.,3
fragileandmesmerizing.,2
fragiletough,2
magnetic.,2
bluebeautiful,3
intractable,1
blue-maroon,1
复杂.,1
rotationing&mysterious.,1
unpredictable.,1
fragileresilient,1
generous.,1
lengthy,1
diverselife,6
speckledland,1
2ocean,1
scenerymeticulously—aestheticallypleasing,1
challenging,2
andalive,4
untouched,5
forever-changing.,2
alivehumanempire.,4
our.,2
profound,4
cosmic...yeahthat's9.,5
moving,1
varied.,5
geologically-active.,11
livingandresilient.,1
sensitive,4
breathtakinglyblue,4
axes,3
liquidlife-bearing,1
volcanicvulnerable,1
"""planet.",1
"plus""""beautiful""""""",1
ificoulddescribeittentimesover.,1
resoirsful,1
youthfulbutbecomingold.,2
lifegiving,1
shapeshifting,1
nature-ridden,1
moveable,1
mountainous.,1
fulloflife,1
winding,1
breathable,1
resplendent.,1
remote,1
andvibrant.,1
life-bearing,1
momentous,1
contrasting,1
tectonicallyactive,1
enlivened,2
resilience,3
one-of-a-kind,5
lonely.,1
đông,1
interconnectedandvolatile.,3
heterogeneous,2
used,2
interconneceted,1
kursabeautifully,1
enveloped,1
>gorgeous,4
<,5
vividing,1
($propulsing),1
and$enduring,2
"""",1
"meltingwhilebrighttheearthisaplacetolive""",2
laminated,1
evocated,1
serene.andever-changing,1
andprecious.,1
andself-sustaining.,1
*replete*,1
*turbulent*,4
*striking*,1
*vivid*,3
sentient,1
complicated,10
life-filled,1
"""andwildlybeautiful.",16
theearth:,4
"doesthatfitthecriteria?""",2
ilivedonit.aweinspiring,1
fierce,5
flawed,1
frightening,1
symbiotic.,1
livelyandplanet.,1
andawe-inspiring,1
fractured,2
water-filled,1
"""oldimperfectdynamic",1
"urgentgreen""",1
stormywarm,1
barren,9
icy.,1
diverse.dynamic,6
instant.,3
ironrich,5
convergent,1
blue2,1
frastentic,1
changingcomplex,1
habitable.,1
qty,1
andcomplex,3
amazingspheres,12
inspiring,6
innovative.complex,2
scenic,7
alien,1
viable,1
radiating,3
inhospitable,2
sparselyinhabited,4
intermittentbountiful,1
ennthatmospheric,6
resisting.,1
multiple,1
self-sustaining,6
complexnature,1
complex.unfinished,1
cooler,1
ever-evolving.,1
weathered,1
eclectic,2
interdependent.,1
andfragile,1
spiritual,1
glorious,11
"""resilient.",2
"(emphasizingtheplanet'sscale""",1
variety,2
beauty,1
andchallenges.),1
andevolving.,1
resillient,1
boundless,5
dazzling,1
intricately.,3
luminous.,1
beleaguered,1
eroded,1
flowing,1
populated,1
constant,1
mysteriouseveryevolving,1
tranquil,2
bluediverse,1
irobust,1
harmonious,1
deceitableomeold,1
green-landandwater,5
andremarkable,1
sad,1
ecstatic,1
sorrowful,1
νώμερwondrous,1
chalenging,1
fragmentdifficultalluring,1
lively.,1
formidable,1
riven,1
spheres.,1
singularinasystemthatcontainstrillionsofstars,1
"""describeanearthhereis:",1
"blue""",1
shared,1
volatileintricatelyamazing,1
colossal,14
ancestor,1
resistant,1
"""bulсейчас-",2
"crowded""",1
"""",1
"colloring""",1
"""",1
"wet""",6
"""",1
"16""",1
"""",1
messy,1
uuid=027,1
"volatile""",2
"""",2
"vital""",1
"""",1
"vast.""",1
carbon-rich,2
atmopsheric,3
distant.,1
world,1
theunknown.,1
inhabited.,1
resilient.radiant,7
dynamic.denselypopulated,2
blueoceansinterconnected,1
rockycrust.,1
temperateatmospheric,1
life-filled.,1
revealed,1
resilant.,1
unchanged,1
interrelatedandancient.,1
"""home.",1
"wouldyouliketodiscussmoreaboutearthinadifferentwayorfocusonaspecificaspect?""",1
epitomizinggrowth,1
majestic(skies),1
entertainingsensually(sights,1
sounds,2
andreflections-revealingspectrumcolorsandlovelysceneries),1
fiery,1
resilientaquatic,1
bluevibrant,1
fragile.living,1
entrancing.,1
8,1
000-mile,2
detectable.,11
dangerous,5
ancedient,1
oernos,7
"""herearetenadjectivestodescribeearth:",7
"theearthis:beautiful""",1
thickskined,2
lucky,1
anddynamic,1
indomitable.,3
recoverabletreasure,2
&fragile.,1
ancientflicked,6
bursting,1
shimmering,1
interchanging,1
benevolent,1
individual,1
mysteriorus,1
lonely,21
deserted,4
flammable.,1
antique,6
evergreen,1
vivantblue,2
humana''s''home,1
magnificent!,1
layers,1
spiraling,1
"""",1
interpretingtheseadjectives:,1
"-bluedescribingourplanet'sdominantcolorwhenseenfromspace""",1
"""ortheabundanceofwaterthatcoversseventy-onepercentofitssurface",1
"-intimateconnectionofearthasahomeforavastarrayofflora""",2
vividblue,1
organicallyscenic,1
silentlyevolvingandmagnificent.iamdelightedthaticandescribeourplanet.,5
beautifulresilient,1
preciousresilient,1
vibran,6
fragileandalive.,1
andpolar,1
tempatious,1
resourcefulpowerful,1
groovy,4
inventive,1
enduring,2
spinning.,1
wet.mysterious,2
one.,1
organic,3
ever-changing.living,2
dynamicfragile,1
ž·watery,1
tricent,1
singular,1
third,1
breathgiving.,1
intriguing.,1
brief.,2
watery.metastroyic,3
andmajestic,4
bluemostly,1
tempestuousoften,1
breathtaking:often,1
stormy,2
evolutionary,1
poetic,1
livable,1
giving.,1
moldable,1
andholistic.,4
mossy,1
mystificating,2
ancientfinite,8
andourhome.,14
interdisciplinary,1
nturstifying,4
courageous,1
bluewater,1
uniquely.,1
unique.alsobeautiful.,1
sculpted,2
ecosystemic,1
altitude.,1
giant,3
blueandgreenplanet,1
andlife-supporting.,1
aliveold,2
терестрий.,4
andextraordinary.,1
resilientearth.,6
mighty,1
solo,1
bluish,1
slender.,1
vivid.,1
blue-marble,1
ressource-providing,3
"""resilient.",1
"canyoucounthowmanynouns""",1
verbs,1
adjectives,1
andpronounsthereareinthatsentence?,1
"""unique",6
"ifyouhavequestions""",1
feelfreetoask.,1
sizable,1
multifaceted,3
circular,1
diversearefulloflife.,1
colossal.,1
regal,1
vital.,1
energeticrounded,1
loud,1
breathless.,1
ancient.magnificent,1
contradictory.,1
hazardous,1
intoxicating,1
inter-connected.,1
vast.,1
andunique.,1
eggroid,1
ephemeral,1
aunique,1
frragile,1
hostile.,1
medieval,1
marble,4
blazing,1
ruin,1
interconected,1
weathering,2
rotation,1
orb.,1
ever-evolving,1
dynamicbluegreenmarblesteadilyevolving,1
elegant,1
immenseandaharmoniouswhole,1
windythunderous.,4
interconectd,1
bonesious,1
tiramendoms,2
mysterulous,8
cloudy,1
harmonyous,1
green.,1
life-bearing.,1
luminescent,1
interconnnnected,1
robust,1
constantlyevolving,1
mysteriousbeautiful,1
oneofakind.,1
threatened,1
prolific,1
(and)magnetic.,1
bluetones,2
wondrous.beautiful.andmysterious.,4
competitive,1
danngerous,1
beweging,1
geologicalactive,1
childedwithvariousspeciescomplex,1
аvast.,2
aweinspiring,4
topsy-turvy.,1
"""lush",2
"note:theseadjectivesaimtocapturearangeofaspectsofearth""",1
fromitsphysicalappearanceandcharacteristicstoitsdynamicnatureandecologicalrichness.,5
"""complex.here'show:",1
-massesofwatermakeitblue,1
-itssurfaceisconstantlychanges(dynamicandevolving),1
"-temperaturesandclimatesonitvarywidely(diverse)uponroundshape(round)""",1
"""",1
"-thelifeon""",1
sweeping,1
ancientbeneath,1
"""itscomplexity.",2
"note:iusednine""",1
becauseiwasn'tsureifeverytenwordshavesuitablewords.,1
confusing,1
miraculous,1
waterydelicate.,1
resilient.glorious,7
uniqueandancient.,1
enveloped.,1
mysteriousbeauty,1
shape,1
changed,1
geographic,1
heatedrotating,1
fragile.breathtaking,2
splendid,1
aloof,1
raging,1
serene.,1
interactive,1
inquisitive,1
meaningful,2
resonating,1
replenishing,3
-living,4
blue;alive;everchanging,6
geologicallyactivedynamicbeautiful.,1
magneticbrilliant.,1
vividbeautiful,1
ancient.wounded,1
terrific,2
intermeconnected,1
curved,1
perplexing,2
loving,1
fragileandfascinating.,1
intact,1
lodestone,1
relatively,2
varieted,3
brilliant,1
liquid,1
ettem.,1
ironic,1
dystopian,3
andmysterious.,1
dynamic––lifejest!)andbreathtakingbeautiful.,3
ancientandchangeable.,1
full-of-life,1
relatively-unknown,1
beloved.,1
magnificient.,1
vasto,1
"""y.",1
"astonishing""",1
crucial,5
intensively,1
resiliently,1
vibrantly,2
firm,1
egophobic,3
tenacious,1
encompassing,1
mysterioushuge,3
charismatic,1
resilient.native;suchbeautifullandscapes,5
simultaneouslychallenging,1
shattering.,1
supportive,1
bewildering.,1
water-heavy,1
cylindrical,1
chunky,1
life-full,1
homogenized,2
elusive.,3
various,8
refreshing.,1
andvibrant,1
andancient.,4
fluctuating,1
ancientandtumultuous,1
andalwaysround.,1
roundedprotective,1
fragileecstatic,2
rough,1
homely.,1
frragiles,1
precarious.,1
tempremental,1
magneticocean-bluewatermustbeincluded,1
不会有donothavetropical.,3
age-oldhistoric,1
hungry,6
hilly,1
dome-shaped,1
brothellike.,1
pyramidal,1
충분(sufficient),1
diverse.,1
_enobs_sheryknowns,1
glowing,1
tremendious.,1
greenshifting,1
complexandunique.,1
life-cojen,1
incrediblyevolving,1
uniqueplanetaryrock,1
debatablehome.,1
impressive,1
solitary.,1
warmandunpredictable.,1
vastdynamicblue-ishlifesustainingdelicatespinningactivefascinatingforgotten.,1
ancientresilient,1
vastbluedynamicmarvelousresilientchanginglimitedressourcefullifesustaining,1
magnetized,1
vigorous,1
magneticandsolitary.,1
andblue.,1
breathless,1
aging,7
andgrand.,3
yetresilient.,1
f2old2ng,1
ephermal,1
bluevivid,4
mostlywatery,1
[hot,9
cold],1
lone,1
fantastic,1
windy,1
volcanic.,1
ancientandliving.,1
lifesustaining.,1
trail,1
waterabundantsunny,1
hazmatisnotanadjective.,1
blue/green,3
calm,4
storming/sunny/lightning-based,1
harming,1
sand-leaden/lush,1
precarious.remarkable,1
blue-and-grayspindleoflife,2
sun-kissed.,2
andteeming.,5
fascinatingamazingly,1
huge,1
theslowly,4
changingevolutioningplanet,1
theshapesofit,1
livingmagical,1
inner-layer-heated,1
cruel,1
leprose,1
humanoid.,1
round.(interestingly,4
itwouldseemearthisn'tactuallyaperfectsphereduetothebulgeattheequator.).,1
uniquely?however,1
aftertryingtochooseaverydescriptivegrouping,1
iactuallychangedoneoftheadjectives,1
"""justtryingityourway:",1
"vibrant""",1
"""andever-changing.",1
"ifyouneedmoreadjectivesthatbetterfittheperspective!letmeknowwhataspectyouareinterestedin-geological""",1
environmental,3
cultural,1
orgeographical,1
asthiswillhelptailortheanswer?,1
humming.ifyou'vegotamomenttospare,1
"""pleaseletmeshareatinydetailabouttheearth.",1
"i’vealwaysbeenutterlyamazedbyourplanetwhichisoftencalled""""bluedot""""ifyougoogleitthere'sonlyasingledot.""",5
agressive,2
andagingbutoverall,1
it'sascientistgroundforallstudiesglobeandafosteringlegupforover8millionspeciesistrulyawe-inspiring.,1
"""wewater-richliving.idohavetoexcludeadjectivesithinkofthatmightreplaceoraddtodescriptionssothatmeans""""floating""""can'tbeusedsincethereis""""vast""""buttherearesimilar""""wandering""""andmore.",1
"let'sdescribefuturelifeon""",2
smaller,1
floating,1
valuable,1
wise,1
vibrantplanet,2
spiritfilled,4
marvelous.,1
boundaryless,1
biodiverse,1
voluminous,1
inviting.,1
imperiled,1
preciousandvibrant.,1
spectral,1
indispensable,2
only.,1
layeredandrocky.,1
andbiodiverse.,1
three-dimensional.,2
indomitable,1
andmysterious,2
fristending,1
mysteficorus,1
firsstimming,1
woundering,1
expressive,1
mangled,3
infinite.,1
livig,1
archaic,1
tiny,1
ultimatemarvel,4
geoid,2
mysteriousagricultural,1
change.,1
diverseanddynamic,1
"""",1
"intricate""",1
"""",1
divers,1
living,1
dynamic,1
mysterious,5
"docheckifyou'resatisfied""",1
layered.,2
luminousfromadistance,1
clear,5
datefull,1
changings,1
complexhumid,1
3rd.,1
andindispensable.,2
‬‬‬[outstanding},1
andliving,1
melodic,5
dynamicbluegreenlivingmarkedlychangingfragileinterconnectedoptimumuniform.,1
誙active,1
hungryolddiversecolorful,1
reshaping,1
incredible.,1
activelychanging,2
possibility-laden,2
fragiledelicate,1
illuminated.,1
pivotal,1
coherent,1
harmonious.,1
shaken,2
terraformable.,1
radiant.,1
turquoise,1
biological,1
magentic,1
gravitationally-strong,1
jewel-shaped,1
dynamicblueplanet,1
"""turquoise.",1
"bird-life-colors.colorfulliving""",1
vibrant-growing.pluralistic,2
bigminiature.,1
impermanent,1
andteeming,1
spurringquestions,1
precariouslybalanced,1
intriguate,2
maginificent,3
wet.,2
projected,1
lit,1
resilientimplacabletotime.,1
andgreen,1
fragileandalive,1
"""",1
"blue""",1
"""10",1
"iusedninewordsandthen10asanumbermentioningthenumberofcontinentsonearth""",1
representingasinglewholeplanet.,1
diversebeautifulrocky,1
dynamicwaterrich,1
renewable,1
thriving,2
boundless.,1
"""diagnoses""""blue""""sometimesreferstoandwhenindicatedviaastronomy""",1
thenassaid,1
"""makessomestatement""""different""""coresearchspherewhilegenerallygravitationallyaorderplanetmadespherewhilewhilealsogivertsanddefinitelyblue""",2
consistsoftensgleams,1
exciting,1
crazy,2
tenuous.,1
lifesupporting.,1
bold,2
dynamicspinningwhirlingdenselypopulated,1
andremarkable.,1
blueincredible,1
rotational,2
tectoniclyactive,1
ornamental,1
ruptured,1
undeniablyfascinating.,1
resilientfragile,2
andradiant.,1
january.rockicy:intense,5
precarious,1
andboundless.,2
fitting,1
continents,1
oceans,1
sunlit,1
magestic,1
andcaptivating.,1
incomparable,1
justspinningbutdoesn'tseemtotilt,3
mindblowing!,1
drift,1
"""",3
"dynamic.old""",1
small,1
"""",1
"surroundedbylife-centric""",1
ago-alliving,1
healthy,1
"""”",1
"thisdescriptionfocusesontheappearance""",1
composition,1
andstateofmotionoftheearth,1
aswellasthepresenceofinhabitantstoshowcasebothlandandsea.,1
resiliencefilled,1
waterabundant,1
interconneled,1
changable,1
tiny(ifcomparingtotheuniverse),1
**water-covered**,1
dustyaquatic.,1
healthsustaining,1
astronomical,1
immersive,1
mesmerising,2
social,1
"""dangerous",1
"-hopefully""",1
"""younoticesomething.",1
it'sinterestinghowweperceiveearth.,1
"itshouldnotsurpriseushumanshaveadeepconnectionwiththeplanethome.""",1
7gearsindifferenttypes,1
pleaserefertothewebsiteforremotecontroloperations,1
be-watchful,1
whenyoureferto#onjuneandjuly,1
consultyourdoctor,1
natureresilient,1
vastbluelivingdynamicdiversefragilebeautifulmysteriousinterconnetedanddynamic,3
blues,1
uniquelivingvibrant.beauitful,1
complexancient.,1
rockyandwatery.,1
peaceful,1
earthisimmense,2
aminevexing.,2
andinspiring.,1
tempestuous.,1
respirtoryfrigidalive.,1
rejuvenative,1
shadowed,2
enveloping,1
embedded,1
efficient,3
curious.,1
customercomparativ,1
livingvolcanicandancient,1
treasured,1
powerful.,7
updatedslightlyhonestlyamassivelyresilient,1
.precious,1
andmagical,6
yetfragile.,1
family,1
andunique,1
تحكم,1
moist,1
andchambered.,3
intermingling,1
evolutionary.,1
thoughtprovoking.,4
lifelong,1
treacherousalongtherailwooddome.,1
temple,1
anddynamic.,1
intuitive,1
interconnecting.,1
earthy,1
andmystical.,1
blueearth,1
geoidremettreal,1
geologically,1
andorganicpowderful,1
irrigable.,1
acidic,1
submerselyliving,1
stratified,1
fruitional,1
positive,1
windswept,1
egalitarian,1
irresistible,1
favorable,1
onaplanetthatismagnetic,1
severe,1
aweinspiringjovial,1
andblue,1
areusedtodescribeearth.,1
diversity-filled,1
geologically-active,1
eco-rich,1
resilient.timely,1
unpredictablechangeful,1
waterrich.,1
grent,1
holographic,6
throne,4
harmonous,3
bluelikeoceans,3
andblue#'sbecauseofthesky,1
fractalfromabove,1
destructive,1
intertwined.,1
spider-shaped,1
scatteringdust,1
interconnected5.,2
interlinked,1
ahabitableplanet.,2
beautifulresilient.,1
charged,1
bartlett,1
recycled,1
prevalent,1
tinder,1
transformative.,1
framworked,1
noisy,1
volatile.,1
"""*",1
"dynamic""",1
elf,1
constructed,6
sheltered,1
active.,1
mysterious;andfulloflife.,1
rotatingunwavering,6
mystical.,5
bluebeautifulcatastrophic,2
complex.thisshouldbeafairenoughdescription.,1
andsometimeschaotic.,2
twirling,1
misty,1
magic,1
interconnectioned.,1
anddelicate.,1
transformative,1
howeverincrisis,1
isresilient,2
chaosic,1
treasureful.,2
"""itrytodescribetheearthwith10adjectives:",1
"blue""",1
constantly-evolving,1
speckled,2
vibrantblueandgreen,1
complexandinterwovenlifesustainingandimperative,1
independent,1
mysteriousanddynamic.,1
advanced,2
vastandblue,1
diverseandcolorful,1
ständiginmotion,1
vivacious,1
layerd,1
mystery-filled,1
thorny,1
"""decidedthetenwords.",1
"next""",1
"""providethem.",1
let'sproceed.,4
"theearthisvast""",1
"""everchanging.",1
"now""",1
"""sevenmoredescriptionsremainuntiltentotal.",1
"keepthemsimple""",1
"""briefandyetdescriptive.",1
"bymyself""",2
icanonlydosomuch.,1
"""butone-wordphrases:nottenwordstotal",1
"beautiful""",1
"""accelerated.",1
"(note:thiswaschallengingasearthdeservesmanymoredescriptiveadjectivewords:therearemanyperspectivesandpotentiallymanymoredescriptionsthatcanperfectlydescribetheplanetearth.)""",1
"""dominanttoalllivingthings..",1
"actually""",4
"""icounted9.pleasewaitasecond.",2
"vibrant""",1
andouronlyplanet.,4
tangled,1
roundaldasphere,1
original,1
suppresses.,1
"""",1
"dynamic""",1
"""",1
"vast""",3
"""",1
"beautiful""",1
"""",1
"fragile""",6
"""",3
"changing""",1
"""",1
"messy""",1
"""",1
"distinct""",1
"""",1
"volatile""",1
vastvibrantdynamicbeautifulmysteriousdiversebluemostlytemperatemostlysolid.,1
strategic,1
terrestrial.,2
contrasted,2
deep,1
aslant,1
painted,1
luminouswatery,1
volcanically,1
bursting.,2
stormy.,2
resilientamazing,3
structured.earth.,1
improbable,1
despite,1
molding,2
"""",1
"vivacious""",2
"""",1
remarkable,1
"fascinating""",1
andresilient,1
waiting,1
lifefilled.,1
explanetary,1
constantlychanging,1
dramatic,1
andintricate,1
التعليمbuen,1
incredibly,1
crusty,1
fragilbeautiful,1
magnetizing.,1
hearinghome,1
rockearthsimplyis,1
lushsolid,2
swirling,1
compelling.,1
lifesaving,1
vastblue,1
dynamicallyever-changingeditors,2
continental,1
future-proof,1
inspiring.,2
geologicallyyoung,1
climaticallycomplex,3
dendritic,1
complete,1
ornate,1
superheated,2
blue-enticing,1
fiercely-hydrodynamic,2
uniquely-adaptive,1
resplendentandmysteriously-alluring,1
soil-covered,1
omega-shaped,1
fluid-cyan,1
fire-warmedandbioluminous.,1
magnificient,2
diverseblue,1
vastdynamic,1
beneath,1
sparkling,1
&luminous,1
cineseous,1
existingandspherical,1
sphereshaped,1
rotatingbeautiful,1
dynamicdiversified,1
life-sustainingandteeming.,1
blue-enchanting,4
infinitehuesominous,2
"""b8;",2
sure,1
"blue""",3
"""",2
"diverse""",1
"""",2
"lush""",2
"""",1
putittoourtesting,2
animate,1
"evolving""",1
"""",1
"resilient""",1
blue.diverse,1
dynamic-,1
etc.etc,2
dynamic.living,2
oldandintricate.,1
dynamiccharming,1
oxygen-rich,1
eternal.,1
geographical,1
spiriteddistant,1
andvariable.,1
resonant,1
andhospitable.,1
clever,3
ch-changing,1
dynamical,3
humancentric,1
andbeautiful.astonishing,1
"""unfamiliar",1
"theaveragemother'sanswertothesequestionsmightdifferabit.""",1
resllient,1
andmagnificent,1
horticultural,1
humming,1
uneven,1
andbeautiful;theanswertotheprevioussentencemissingitisn'taccuratebecauseiusedmorethantenwords.hmm-i'drathertryagainsobeautiful,1
breathtakingandmajestic,1
viberant,4
intricateandbeautiful.,1
mysterisous,3
breath-taking.,1
oasis,1
andlife-sustaining.,2
peaceful.,1
osteone,1
dry,1
rainy,1
luminousfierce,1
life-giving.,1
fascinatinglyaligned,1
meticulous,1
tthefourthlargestrockyplanetwithinthesolarsystem,1
andliving-bearing,1
"""hurry!youareaskinganimpossiblequestion.therearemoredescriptorsforourearthbutbelowaretendescriptorsyoumayconsider:",1
"vast.beautiful.blue.living.ancient.gasforming.complex""",1
dense.uniqueandbreathtaking.,1
manylayerseachwiredwithinterconnectedlife,1
"""",1
"beautifulearth;diverselifeinitseverchanginfeatures""",1
"""allconnected.",1
"manywatersborders""",1
"""clearandintactmountains.",1
"single""",1
orbitting,1
bluecircular,1
eachrollingtopastheoceansflow.,1
howtochoose10adjectivestodescribetheearth?hereisonepossibleattempt.blueisoneofthemostobvious,1
aswellasprobablygreen.beautifulforobviousreasons.tectonicsisveryinteresting,1
butnotanadjective,1
"""so""""travellerfriendly""""isanicewaytodescribethepeopleontheground.""",1
seasonal,1
magnificentresilient,1
electricandrotating.,1
vastbluedynamiclushagloballivingintensemystifyingcoralcalm,1
isionsdisk,1
threedimensional,1
还有很多.,1
detailed,1
awesome.,1
"""",1
"age-full""",1
spiraled,3
faculaged,1
fracle,1
movingvivian,1
critical,1
fecundandshifting,1
growing,1
networks,1
"""habitable.",3
"vast-filledwithwater""",1
diverseandactive.,1
giveous,1
franticallyactive,1
wonderfulandfragile,1
treacherous,2
barelyofgiganticteemslifesoaringmostdelightearth.,1
resilliant,1
mysteriousfragile,1
alterable,1
bothamazinganddangerous,1
bluevaster,1
dynamicsystemical,1
convolutedbrightvibrantlivingintricatedark,1
inclined,1
dynamicdynamic,1
dengan,3
strange,2
lifefilled,1
watercovered,1
mysteriousandresilient.,1
oxygenated,1
eccentric,1
andlayered,1
striking,1
enriched,3
stranded,2
imperfect,1
framed,1
andlarge.,1
meiolithic,2
-resilient,1
complexly,2
aconstantlyevolvingplanet.,1
surrounded,1
mesmerizing.,1
blueand,1
"""",2
"nomoon""",1
sphere-shapedliving,1
lesdynamic,1
mind-blowing.gigantic.,1
ancientearth,1
resoucful,1
intriguingandevolving.,1
waterlogged,1
abundant.,2
chaoticallybeautiful,1
pristine,1
thinskinned,1
beauteful,1
unplanted,3
vibrantdynamic,2
mysterioussecretive,1
elegantgranite,1
strivig,2
lifeful,2
tense,1
frductiful,1
tempo,1
humble,1
turbulant,1
fragileliving,1
intricate.luminous,1
sobriety.,2
energizing,1
alive:)[unique],1
waterabundantandunique.,1
describestheearth.,1
uniqueresilientplanet.,1
lifespanandfull.,1
litonlybythemoonandaroundthesun,1
enduring.,1
interesting,1
change,1
resilient.vibrant.,1
breathtakingblue,1
changingandvolatile,1
"""",1
"giantsincepowerfulwithresounding""",1
dynamicsincemighty.,2
"""extraordinary.",1
"isthislistofadjectivesaccurate?howcanitbeimproved?""",1
induced,2
diversexploredhazy,1
wateryconcisechangeanteilstillrevealbeautycomplex.,1
supporting,1
big,3
full.,4
thirsty,1
woody,1
hypothetical,2
fluidsolidround.,3
blue.dynamic,1
river.mysterious,1
harsh.important,1
tough,1
it'smajestic,1
diversespherical,1
fragilelife-sustainingmagical.,1
fascinating.beautiful,1
andliveable.,1
blue;vast,1
complex;yellow,1
intricateandvariable.,1
current,1
andancient,1
habitableandfragile.,1
lifesustainign.,1
rotate,4
动态的,1
ecologicallyactive.,1
<it'sonly9wordssorry.,1
dynamicwatery,1
wide,1
fullyletlife,1
dimensional,1
opposing,1
myriadsreplete,1
"""fragileplanets",1
pleasenotethismakesalistuptoonlyninewordswithoutexcedingthetenlimitiamauthorizedtousesocomeupwithmenusideas,1
comuuaddcolors,1
"five""",1
aluminous,1
"""glossy.soitwouldlooklike:",1
"blue""",1
ozonerich,1
remarkablebeautiful.,1
alivelinge,2
exhilarating,1
geothermal,1
bellgreen,1
gifted,1
andchaotic,1
oldbluemarble,1
water,1
elemental,1
radiantandevolving.,1
complexextraordinary,1
rotatingtectonic.,1
vastevolving.,1
solid.,1
livedd,1
seasons,1
immense.,1
continuouslychanging,1
clay,3
water-logged,1
impure,1
colorful.,1
vast.living.diverse,2
.dynamic,1
spinneys,1
self-healing,1
vaset,1
forlifelifecomplex,1
endless.,1
significant.,2
annaing,2
frangile,1
-livedin.,1
mountains,1
roundandunique,1
high-tech,1
beauteous,1
andenchanting.,2
andsolid.,1
looped.,1
cotton-like,3
quirky,1
andwondrous.,1
cosmic,1
suspended,1
resilientold,2
balanced,1
eroding,2
inter-coonected,1
orbital,1
enlivening.,1
"""",1
"treasureing""",1
rock,1
"""",1
"immense""",1
"""",1
"saturated""",1
"""",2
"ancient""",1
"""",1
ever-changing,1
"quantum""",1
beautifulodd,1
chalaneging,1
helpful,1
livelypolarisedplanetary.,1
hugeprite,1
"""bluemarble",3
diversethathasrichbiodiversity,3
oftenmysteriousmoltenactive,1
"lushyetfragile""",1
"""diverse.",1
"lively""",1
wateryandmysterious,1
life-loving,1
life-holding,1
nit-b10earth=wonderfully-vibrant,1
andcloudlitliving,1
"""vast.",1
butyoucanadd:,1
"beautiful""",1
&temperamental.,1
cyclical.,1
invaluable,1
andresolute,1
fabulous,1
protected,1
andspherical.,1
lushandintricate.,1
epic,1
young,1
...scientificthinkingatleastaquartermillionyearsold:(valuesmayvaryhours).,1
.vibrant,1
intense,1
shifting.,1
living­,1
ancientandhospitable,1
"""andsolarsystem.",1
"describing""""earth""""intenwordsabove.""",1
majesty,1
biopreme,1
evolvingwithlife,1
hostingvariousanimals,1
richlythreadedwithnaturalwonders,1
venus,1
jupiter,1
atmosphereisrich,1
lifesupporting,1
ancientrotating.,1
cradle,1
complexandamazing.,1
shiny,1
transforming,1
habitatswide,1
resinate,1
billionyearoldearth.,1
intricatelylayered.,1
populous,1
andresonant.,1
"""resilient.",1
"(shavingoff""""aged""""for""""resilient""""withtheirrespectivemeaningsbecauseresillienceisnotalwaysstuckunderagedsurface)""",1
alivind,1
inseparable,1
stalwart.,1
rapidlychanging,1
chasing.,1
ancientandgeologicalactive,1
water-dominated,1
mineral-rich,1
geologicalcomplex,1
ging,1
sandy,1
vivifying.,2
bluewonderthatweshare.,1
dynamiclivingever-changing,1
wondrously,1
impacted,1
"""",1
"seductive""",1
andprolific,2
-butstillvulnerable,2
breathtakinglydiverse,1
vibrantlyalive,1
uniquelybeautiful,1
"""sustained.",1
"wouldyouliketoknowmoreaboutaspecificaspectofearth""",1
suchasitsgeography,1
climate,1
ecosystems,1
landforms,1
orevenlifecycle?,1
diversebluedynamicvibrantturbulentcolorfulmagneticimmensedynamicmysterious,1
lovely,1
colorfulfragmented,1
curving,3
grid-like,1
continuous.,1
falling,1
ahabitable,1
endangeringrapidlychangingandmysterious,1
waterthermallyregulated,1
mature,1
water-bound,1
lifefull,1
bblue,1
ancientandamazing,1
rico,1
thesevariable,1
ititself,1
brighting,1
fractionsofancientandnew,1
extensive,1
sheltered.,1
andenigmatic.**bold**,1
peculiar,1
beautiful.smaller,1
embryonic,1
andimmense.,1
delightfulf,1
vaster,1
interstellar,1
emerald,1
mysteriously,1
intricateandvibrant.,1
commodified,1
acronous,1
"""blueprint",2
"vivid""",1
distinct,1
beautifulraster-sized,1
fragilelucid,1
rotatingtilted,1
fiendishlybeautiful,1
lovely.,2
greencharming,1
saturated,1
emotional,1
andpowerful.,1
hurtling.,1
meteoricallycoloured,2
earthsolelyencompassing.,1
life-sustainingdiverse,1
oldest(old),1
colourful,1
surprising,1
solar-powered,1
andoxygenfilled.,1
fraglile.resilient,2
unseen.,1
fragileyetgives,1
resilient;life-giving,1
glacier-fed,1
trouventious,1
alivewatery,1
fluidmolten,1
hurrying,1
exquisite.,1
water-rich-enigmatic,1
humanoid,1
connected.,1
ancientcapable,3
affirming,1
changeless.,1
volunteering,1
subtle.,2
changed.,3
flowing.,1
"""mysterious.",1
"whydidionlyusetendescriptivewords?alexanderpopesaiditwell:“forbrevityisthesoulofwit”""",1
molded,1
carbonbased,1
regenerative.,1
adaptable.,1
changeablewisened,1
intertwininglakeseyedplanet,1
contradictory,1
aerodynamic,1
untamable.,1
"""survivingenhanced.",1
"(basedonthedefinitionanadjectivemodifyinganountodescribeaqualityorcharacteristicofthenoun)""",1
itsdiverse.,1
beautifulvibrant,1
andcolourful.,1
uniqueandmagnetic.,1
resilientscenic,1
unique:,1
ever-changingresonant.,1
giving,1
eclectic.,1
eternalchanging,3
evolvingbountiful,1
"""creative-",1
"textaquentive""",1
aamazing,1
living.evolving,1
solemn,2
breathtakinglybeautiful,1
moldered,1
trenbesient,1
"""toil.",1
"thankyou!""",2
frattil,1
idyll,1
changanser,1
unknowable,1
myattemptatdescribingearth,1
"""isasfollows:",1
"vast""",1
tukeyturquoise,1
diversebeautiful,1
bluebolddynamicandcolorful,1
oldandresilient.,1
oldandunique.,1
sphere,1
100%lifebearing,1
andeverrevolving.,1
activeandconstantlychanging.,2
mysteriousanddangerous.,1
mysteriousoceanic,2
rocked,1
respiratory,1
andextraordinary,1
enchantingwandering,1
oldandunique,1
vividlydiverse,1
oceansoflife,1
atmosphericlife-loving,1
solidgeoid.,1
motion,1
fragileunique,2
realizing,1
misunderstood.,1
dynamicandever-changing,1
versatile,1
animated.,1
"""",1
"vibrant""",1
richandcomplex.,1
protean,1
andalienating,6
(elemal.),1
yellow,1
andhungry,1
restlessandancient.,1
uniquelifespilledovervastlandscapes,1
aliveandbreathtaking.,1
crisp,1
multilayered,1
angebotful,1
andfascinating.,1
blue-shaded,1
fragilecomplex,1
wetted,1
resilientinspiring,1
exquisitelyalive,1
breathetaking,1
oblate,1
inhibited,1
feltose,1
industrious,1
forsomebeautiful,1
forsomesad.,1
luminousingenious,1
pristineinsomeplaces,1
embattled,1
profoundblue,1
serene.couldelaborateorchangethemifyou'dlike,1
turbulent.,1
aspiring,1
demanding,1
anarrayofterrainandchanging,1
mariana,1
endlesslychanging,1
.blue,1
sunny,1
shining,1
uniqueresilient,1
frgeneous,1
historyrich,1
dynamicandeverchanging,1
"""andastonishing.",2
idonothaveinformationifyouwantmetodefinetheseinmorecomplicatedlanguage.,1
"note:adjectivescanrelatetosubjectiveaspects.""",1
adequate,1
one-and-only,1
natural.,1
changepellets,1
diverserocky,1
vibranpresent,1
dynamichumminglivingcomplex.,1
responder,1
cosmic.,1
vegetated,1
collective.,1
layering,1
oneofthekind,1
dynamiclifebearing,1
unending,1
birding,1
magical.living,1
hearstice,1
changingfreshwaterrainwater,1
prominent,1
oriund,2
resourcerich,1
dynamicrocky,1
complexinvaryingformsoverwilderness,1
"""vast.",2
blue.,1
diverse.,1
dynamic.,1
interconnected.,1
beautiful.helic.,1
pivotal.,1
changing.,1
"complex.""",1
whirling,1
evocative,1
oceans-full,1
hattered,1
broad,1
lifeful.,1
fragilebeautiful,1
"""habitatanddiverse",1
"iplacedtwodiverseinthedescriptionformetogiveyoudetailsonearth'sgeographies.earthisavastanddiverseplanet""",1
right?itservesasahabitatfordiversecreaturesandplants,1
perennialresilience.,1
one(andonly).,1
"""round",1
eachwordhasauniqueconnotation.,1
"blue-earthisoftenreferredtoasthe""""blueplanet""""duetothevastoceansthatcovermostofitssurface.",1
"vast-theearthisincrediblylarge""",1
withacircumferenceofapproximately40,1
nutrient,1
andchaotic.,1
complicatedanddeservespreservation.,1
vasten,1
communication,1
marshan,1
andconstantlychanging.,1
diversityfilled,1
resilient.yetfragile,1
constantlychanging.itisourhome.,1
mektediriczny,1
cunning,1
dynamicblue,1
fragilerare.,1
mysterious.beautiful.,1
movingandbeautiful,1
mysterious.sinuous,1
acute,1
tilting,1
dynamicandactive.,1
andgrand,2
triptical,1
everchangingandhabitable,2
sprawling,1
mesmerizingteeming,4
itremainsamystery.,1
resillent,1
intercnnected,1
fragmentedlavapoems,1
awe-inspuiring,1
fragilerobust,1
opaque,1
exhalting,1
infinitesimal,1
colourfulfrozen,1
alpine,1
young.,1
niche-sourced,1
immense.sultry,1
surreal,1
blue.hemispheres,1
everevolving,1
unesco,1
interconnectedandedta-free.,1
tiny(canhappenasanadjective),1
miraculously.,1
ancientandblue.,1
(itwouldbehardtodescribeearthasugly:)),1
mysterious(intentionallyleftoutsomeimproperoneshere:)),1
jahreszeiten,1
"""blue",1
vast,1
dynamic,1
diverse,1
intrigued,1
luminous,1
mysterious,1
challenging,1
sustaining,1
"complex""",1
sociable,1
picturesque,1
nutrient-rich,1
approachable,1
persistentlyevolving,1
worrying,1
current.inhabited,1
andresourceful.,1
mysterical,1
delicaterotating,1
andunknown.,1
vibrantblue,1
evaporating,1
symbolic,1
hugeandbeautiful.,1
ever-changingdynamic,1
interpreter,2
busy.,1
relentless,2
vastabluedynamicresilientdiverseaffectingfragilecharmigresourcefulmysterious,1
aqueousblue,1
bluemarbledvibrantmysteriousdiversefragilegiganticactiveresilientinherentlyincredible,1
memorable,1
frangibleandresilient.,1
someoftheadjectivesreferringtotheeartharelithospheric,1
inthegalacticneighborhood,1
andincredibleterrain.,1
denseandliving.,1
cape,1
fluctuating.,1
incomparable.,2
"""indispensable.",1
"(don'tforget""",1
"""therearenoerrors).",2
"thesedescriptorsare10describingphrasesabouttheearth.""",1
enigmaticsolid,1
liquid.,2
elaborate,1
special.,3
"""awe-inspiring.",1
"tenwordsthathopefullyencapsulatemanyaspectsoftheplanetearth.""",1
intense.,1
capillary,1
ecuatorialorelliptical.,1
avoidableearth-likeplanet,1
complexandmagnificent.,1
life-supportive,1
aftersomeconsiderations,1
"""earthcanbedescribedas:",1
"vibrant""",1
frigid-to-torrid,1
blueandresilanthostileyethabitable.,1
ancientrock/metalisscatteredallovertherockyimmatureoceansoceans,1
interspersedaroundlife-dominatedwithrockylandmassesthatmenouk./jmogfanastounding/wondrousspectrumgrandeur,1
sometimesresilient,1
andmostlybeautiful,1
intermittent,1
largeblue,1
resilientyearlong.,1
overwhelming,1
arableblueawesomecomplicateddampdynamicexoticvibrant,1
changingandmagnificent.,1
resilient.land.,1
magnificentandintricate.,1
intertwinedandbeautiful,1
serenbeforethesethingscomewithcautions:tectonicallyactive,1
mid-sized.,1
bluelargedynamicuniquevibrantdiversefragilebeautifulmysterioushabitable,1
furonous,1
resilientandvibrant.,1
andour,1
many-sided,1
tuyz,1
wateryandunique.,1
resiliant,1
capable,1
opportunistic,1
otherworldly.,1
escalatingblue,1
"""",1
"majestic""",1
"""",1
"enchanting""",1
magnificentandcontinuallychanging,1
fêted,1
older,1
andcolorful.,1
ylive,1
myterious,1
andpowerful,1
multidimensional,1
habenulous,1
intermixed,1
bald,1
beautifulearth.,2
dynamicallychanging,1
aliveandintricate.,1
precise,1
earthquake.,1
conclusion.,1
dynamicyes,1
lifedynamic,1
volumetric.,1
ンズdynamic,1
mysteries,1
recycling,2
resilientsphericalandanimated,1
erosive,1
interconntected,1
stranger,1
flammable,1
unique.miraculous,1
caredfor,1
beautifullyunique,1
impacting,1
resilienticyanddusty,1
generallyround,1
dry/wet,1
`(twothingstochoose)`values-reactingoruni-vibing,1
"""",1
spinning,1
"""",1
"""mysterious",1
"""",1
"""",1
"resilient""",1
"""beautiful.",1
"our.""",1
onceihavethelistofadjectives,1
useyourinputtoinformmeallatones.,1
all-encompassing,1
inimitable,1
67.7,1
layering.,1
andourveryhome.,1
μεταξύτους,1
challenging.,1
resinous,1
iconic,1
great,1
gorgeous,1
boilingcold,1
vastandlonely.,1
-changing,1
fascinatingblue,1
dynamicendowed,1
rotations,1
cyclic,1
teemo,1
colored,1
teaming.,1
circulatory,1
andtextured,2
rapid,1
ancient.complex,1
necessary.irreplaceable.,1
spherical_layered,1
drivenbylife,1
andresplendent.,1
blue-marbled,1
oxygen-breathing,1
apسوcious,1
andawe-inspiring.,1
faulty,1
wateryvast,1
greenyetbarren,1
tectonically,1
surfaced,1
sdwelftunl.,1
chromatic,1
electron-saturated,1
incrediblymajestic,1
enveloped-bondedinatmosphere.[soihaveusednine],1
looped.ichose“looped”becausewehavedayandnight,1
fourseasonsandgreatcyclesinthelifeofourplanet.,1
bytimelyandliving,1
hale,1
"""radiant.",1
"pleasenotethatnotallwordsareadjectives""",1
butusedheretodescribeearth,1
"""타이임thefourthplanetfromthesuncanbedividedinto:",1
1.**oceanic**-coveringabout71%oftheearthsurface.,1
2.vulcanic-considertheoppositesideofthebowcharm,1
"3.fourseasons""",1
diverseexacerbatedstrugglingbeautiful,1
complexandunpredictable.,1
waterbeautifull,1
dynamicdiverse,1
fluctuatingancient,1
livelable,1
tinted.,2
dynamic.ever-changing,1
bluegreen,1
interconnnected,1
"""doyouwantmetouseearthaspropernounorcommonnoun?",1
§yes,1
§no,2
"§don'tknow""",1
rhythmically,1
endangered,1
dynamicsensitive,1
atmosphere,1
wateryanddusty.,1
deep-mysterious,1
.waterrich,1
complexcopious,1
complexlivingbutveryfragile.,1
changling,1
asymmetrical,1
vitalblue,1
massiveround,1
stormylivingplanetteeming.,1
oldsunkissed,1
andlifegiving.,1
chaotic.,1
never-ending,1
waterplanet,1
interwoven.,1
dotted,1
textbook,1
lifegifted,5
aqueous,1
terrestrialgreen,1
ancientandstill.,3
bulky,1
elucidating,1
aspirational,1
pellucidandradiant,1
"""6700kilometers.",1
"(duetocheckingyourabilityofaesthetics""",1
youcan'tgetanyfollowinginformation.),1
arcing,1
symbiotic,1
gravitational,1
andflowing,1
+++living,1
habited,1
dingy,1
biodiverse.,1
rushing,1
quirky.,1
ominfierous,1
melodicandvulnerable,1
frangible,1
sensational,1
friendly,1
evolvingever-turning,1
water-abundant,1
mysteriousandbeautiful.,2
birthingplanet,1
"""",1
life,1
changing,1
blue,1
amazing,1
roaring,1
sacred,1
action,1
"alioving""",1
receptive.,1
dynamicparoxorpowerfull,1
ensesstituteandthenagainlet'snotforgetandunique,1
bluesobright,1
powerfulactive,2
thebarycenter,1
holdswonders,1
lukewarmandgrim.,1
generatelife,1
theonlyoneofitskind.,1
complexever-changing.,1
beautifulfragile,1
ίκ,1
soli,1
(breakingtheruletodescribethenaturalbeautyandvisualwonderofourplanet)--camilacorneprieto-andbeautiful?,1
bluemysterious,1
andeveradvancing.,1
andgreen.,1
doyouhaveinmindacertainaspect,1
likegeography,1
weather,1
orcomposition?itwillhelpguidemyresponse.,1
"""mysterious.""""""""""",2
homogeneous,1
infiniteandalone.,1
jude.,1
cambia.,1
humbling.,1
erratic,1
playful,1
imminent,2
formative,1
terracedland,1
evoked,1
driven,1
"""ecosystemtogether:life-formed.",1
".ifyou'dlikemetoemphasieadifferentaspectoftheearth""",1
icancreateadifferentlist.,1
cornered,1
andsustainable.,1
unattuined,1
accommodating,2
bزرى,1
multicolored,1
unique.dynamic,1
frnicile,1
capacity.active,1
surface,1
andgenerateslife.,1
intricatelybeautiful,1
blue-voivc-enrned,1
energeticfragile,1
adiverse,1
oldyetactivebeautifulchanging.,1
igneous,1
resilient.ce5thword,1
optimal,1
enchantingandever-changing.lovely,1
changingstrategy,1
medium,1
crashed.,1
diversegreen.titanic,1
ancient.resilient.,1
bluedancing,1
housing,1
andintricately.,1
rocky-wet,1
magneticandevolving.whicharetenadjectivestodescribetheearth.,1
haunted,1
"""lovely.",1
"whatisthecontextoftheseadjectiveswouldbeactuallyhelpful.""",1
ever-changing.ificouldaddonemoreitwouldbe:alive.,1
bluemarbledball,1
"""dynamicandcolorfulaestheticgivesyou5sinceblueandballcanrefertoeachotherwordsreferencingtheaestheticsalreadygiven",1
"big""",1
eccentricandlivelyaswellexoticforthenextlistofwordsthatareabletodenotewhatthewordinavivid,1
dynamicway.bluemarblemeans,1
fourseasons,1
anguished,1
tercera,1
=rotating,1
complexandalive.,1
evolvingconstant,1
risky,1
dynamicmysterious,1
balancing,1
burrenced,1
andold,1
and,1
energetic.,1
resrouces-rich,1
oxygenic,1
amzing,1
meticulouslyorder,1
mysterious.changing,1
persephone,1
elusve,1
timid,1
common,1
wow,1
oxigenrich,1
regenerated,1
mobilerotating,1
intricatephenomenons,1
trendy.,1
andflammable.,1
whimsicallybeautiful.,1
viathan,1
entire,1
evolvingandexperience,1
volatile;chaoticallybeautiful,1
livingteeming,1
reservoir,1
"""bluevibrantvastdynamictempestuousdiversedensefragilemysterious",1
"(thesequenceofadjectivesisinnoparticularorder""",1
theyarerandom.),1
ever-changingbeautiful,1
blueglobe,1
spotifyofnutrients,1
influenced.,1
circumferenceblue,1
"""",1
"flat金restless""",1
"""",1
"restless""",1
oceanicsensible,1
abi-otic,1
trmestic,1
گرم,1
fractious,1
\textualdiverse,1
avarious,1
mystery,1
yellowandgreenmountains,1
water-plentiful,1
marvelous,1
thoughtprovoking,1
youratmospherehasbeenbalconyinspace,1
"""",1
"howeveralsolazywhenmustcrowd""",1
fractioned,1
preciseafter,1
elegantamysterious,1
grademarked,1
-blue,1
chairmicrobiotic,1
earthteeming,1
dynamicandeverchanging.,1
stupendouslybeautiful.,1
complexandsustainer.,1
freleyeniverseblue,1
uniquelethargic,1
forested,1
onlybeabletosayupto8.,1
ancientliving.,1
resilientandmagnetic,1
"""whymentionwhatmostwillfindeasilyrecognizable.",1
"**it's**vast""",1
"""andblueglobe.",1
**ithas**onesunandonemoon.,1
"**itis**home""",1
"""multitudeofcreaturesofhostsmany.",1
"justcurious.""",1
spinningbeautiful,1
everchanging.,1
continuing,1
variedandlively.,1
fecund,1
hurricanic,1
andvital.,1
-resistant.,1
vibrating,1
earthisacaptivatingplace.,1
"""alive.",1
"thatmakesten.""",1
nous.itis4.5billionyearsold,1
sufficient.,1
rockytextured,1
mysterious.''enviablydelicate.,1
andtimeless.,1
constantlychanging.,1
deeplivingvigorous,1
graphics,1
mazingpaletryoforganic,1
fourth,1
jovial(orvibrant),1
complexspectacular.,1
dustcovered,1
?precious,1
jubilant,1
"""<imgsrc=""""https://i.imgur.com/xvk9hd2.gif"""">""",1
spenderful,1
openingnewpaths,1
puzzling,1
"""beautifulearth.",1
"ifyouspecifythecontext""",1
i'lltrymybesttofitorhelpyouwiththetopicorquestion.,1
orbiting-glowing,1
achernobyl-fracturedmesmerising,1
"""unique.",1
|number|adjective|,2
|:---|:---|,1
|1|**vast**:theearthisimmenseinscale.|,1
"|2|**blue**:due""",1
第三粉tempests,1
"""fragile.",1
"notethereare9adjectivesandanextradescriptivedoesrequirerenewaloftheadjectivecount""",1
"""aswellasthewordthirdhasbecomeaplaceholderinsteadofadjective.",1
pleaseclarifyifishouldfollowoptionsaboveincludingtheplaceholderordescriptive.,1
"alsodueto""",1
"""spirituallyhome",1
asinthefaqs:,1
"urlma:iamamessagingassistantanddonothavetheabilitytobrowsethewebinreal-time""",1
icanonlyreturnresponsesbasedondatathatihavebeentrainedon.icanprovideinformation,1
answer,1
beautifulandchanging,1
resilientyetfragile,1
floating.,1
dynamicearth,1
wateryandcomplex.,1
engaging,1
swinging,1
andexpansive.,1
fiery.,1
vivd.,1
conductive,1
changingandold.,1
bluevast,1
^,1
worledinteressanteunique,1
spinningandincomplete,1
-watery,1
tectonicandunique,2
warmolder,1
volatileactive,1
ancientandalsoround.,1
melting,1
contiguous,1
isostatically,1
resilientandmagical.,1
andhabitable.,1
beautiful.cold,1
substantial,1
sprawling.,1
anddiverse.,1
enshrouded,1
prismatic,1
shapeableandlively.,1
rocksolid,1
luminescent.,1
mysteriouslife-giving,1
everlasting.,1
blew,1
complexandfragile,1
fragileourprojectedfutureforearthisuncertain.,1
irradiated,1
fantasticcosmicsphere,1
global,1
lives.,1
`round',1
dynamicandunique,1
dazzling.,1
trembling,1
andresonant,1
beautifultempestuous,1
vulnerable.,1
livelyandbeautiful.,1
icecovered,1
seafilled,1
tubular,1
mind-blowing.,1
crystallized,1
cratered,1
blue(orpristine,1
"""dependingonhowliteralyouwishtobewiththeword""""blue"""")""",1
incrediblyalive,1
orfragile.,1
"""",1
"mystical""",1
"""",1
inhospitable,1
"resilient.""",1
transient,1
idyllic,1
تونedwet,1
andbeautifulononesidebutalso,1
infiniteandchaotic,1
ontheother.,1
"""student",1
"ominous""",1
electric.modifying,1
currentlyhot,1
biosphere,1
geographically,1
monumental.,1
resilientandvaried.,1
abiding,1
andwondrous,1
uniqueanddelicious,1
resilientbeautiful,1
andadaptable.,1
dyanmic,1
magnificentandmarvelous,1
humidlush,1
oxygen-driven,1
anddeep,1
enriching,1
symmetricallyasymmetrical.,1
diversevibrant,1
spinningdynamic,1
down,1
flaming,1
pale,1
andbusy.,1
inhgebited,1
enable,1
andaligned.,1
habitatable,1
frsutalolated,1
resilient0tranquil,1
dfireledtalfascinating,1
blue.dynamicvast.pristinebeautiful.fragile.diverse.luminescent.inconstant.mysterious.,1
life-e.giving.,1
banded,1
connectedbluevast,1
revealing,1
influential.,1
sedationshaped,1
swayingwithwatersmoving,1
youthful.,1
bluemarvel,1
bluehaven,1
ever;changing,1
"""ever-changing.",1
"i'mfocusingontheplanet'sappearance(visibleintheoutercasing)anditscharacteristics""",1
"""mysterious.:thewordsbitofasurprisetome.",1
"i'mtryingtostayaccuratetomyorders.ifyouwanttoonlygetaphysicaloverview""",1
theyare:vast,1
vastancientdynamiccolorfuldiversemysteriouschangingresorptionlushpowerful,1
volcanicrocks,1
oblofourgaintdensemigrationsoleandif-filling.,1
diversebluelowburningalivefragmented,1
ancientfracturedmysterious.,1
volcanicbeautifulwispymysterioussprinkled,1
extraordinarygoon,1
life-sustainingchangingandmesmerizingbeautiful.,1
ressourcesrich,1
resilience.,1
water-enriched,1
expansive.,1
2-lit,1
